39,44,49,53,34,29,31,35,35,39,49,70,106,147,143,148,166,176,206,237,223,212,213,217,221,224,227,229,232,235,225,212,216,213,136,43,22,19,17,16,15,15,15,17,17,18,19,18,18,16,13,12,11,10,8,8,9,9,8,7,8,8,8,10,45,50,54,57,38,30,32,36,39,41,49,71,109,147,143,148,164,177,209,241,224,212,211,215,221,225,228,230,234,236,225,213,219,215,137,45,24,20,18,18,17,16,16,18,18,19,20,19,20,17,14,12,11,10,8,8,9,9,8,7,8,8,8,10,46,52,57,56,40,34,36,40,42,44,53,80,122,158,152,158,178,193,225,249,238,232,232,237,244,247,249,250,252,253,245,233,231,218,137,48,27,22,20,18,18,19,18,20,20,21,22,21,19,19,16,14,12,10,8,8,9,9,8,7,9,10,10,12
38,46,53,48,27,28,29,31,34,38,41,58,125,153,147,150,164,187,217,224,214,212,214,216,221,227,231,234,238,234,217,203,154,81,29,21,18,17,16,16,15,15,15,17,17,17,19,18,17,16,15,13,12,10,9,9,10,10,9,9,10,10,10,10,43,51,59,53,30,29,30,33,37,41,44,62,126,153,148,150,165,189,222,225,214,210,211,214,221,228,231,235,239,234,218,205,156,82,30,21,19,19,17,18,17,16,16,18,18,18,20,20,19,17,16,13,12,10,9,9,10,10,9,9,10,10,10,10,46,54,60,51,33,33,34,37,40,45,48,70,139,162,154,159,179,206,236,242,231,230,231,235,242,250,252,252,252,247,228,208,154,81,33,26,22,20,19,18,17,19,18,19,20,20,21,21,19,19,17,15,13,10,9,9,10,10,9,9,11,12,12,12
42,50,57,41,26,26,27,28,31,32,36,59,132,155,148,150,174,217,225,214,210,211,213,215,221,229,235,239,230,174,98,65,32,21,20,18,18,16,16,16,15,15,15,18,18,18,19,18,17,17,17,14,12,11,9,9,10,10,10,10,11,11,11,10,47,55,63,45,27,27,28,29,34,36,40,63,134,156,147,150,177,223,229,213,209,209,210,213,219,228,236,240,229,173,99,66,34,22,21,19,19,18,18,18,16,16,16,18,19,20,21,20,19,18,17,14,12,11,9,9,10,10,10,10,11,11,11,10,50,57,61,42,28,29,29,31,36,38,42,69,143,163,153,162,193,235,243,231,228,230,231,234,240,250,253,253,244,182,96,59,32,26,23,21,21,18,17,17,16,17,16,18,19,20,20,19,18,18,17,14,12,11,9,9,10,10,10,10,11,11,11,11
48,56,58,33,24,24,24,26,26,30,33,48,118,155,153,164,201,220,206,206,210,212,214,219,225,233,240,231,169,59,21,19,18,18,18,18,17,16,16,16,15,14,15,20,21,20,21,19,17,18,17,15,13,11,10,10,11,11,11,11,10,10,11,11,54,62,64,37,24,24,26,27,29,33,35,49,120,156,154,167,207,225,207,205,208,210,212,217,223,233,240,230,168,59,21,20,19,19,19,19,18,17,16,16,15,15,17,21,23,22,23,21,19,19,17,15,13,11,10,10,11,11,11,11,10,10,11,11,56,62,59,33,25,26,26,29,32,36,38,54,125,161,161,178,218,235,223,223,228,231,233,238,244,251,253,242,180,65,24,21,19,21,20,21,19,17,16,16,15,14,16,21,22,21,22,20,18,19,17,15,13,11,10,10,11,11,11,11,10,10,11,11
54,62,49,23,21,21,20,22,23,26,26,29,62,118,149,170,193,187,186,195,206,213,217,222,229,237,229,164,58,20,19,17,16,17,16,16,16,16,16,15,14,14,18,22,21,19,20,17,16,16,16,14,12,10,11,11,11,11,11,10,10,10,11,11,60,69,56,25,20,21,22,23,25,29,29,31,65,120,151,173,194,188,185,193,204,211,215,220,227,236,228,162,57,21,20,18,18,18,17,17,17,17,17,16,15,15,19,24,23,21,22,19,17,17,16,14,12,10,11,11,11,11,11,10,10,10,11,11,62,67,51,23,22,23,23,25,27,30,30,33,66,121,150,173,201,199,203,213,225,232,236,242,249,252,242,173,63,23,22,20,18,18,19,19,19,18,17,16,14,15,18,23,22,20,21,18,17,17,16,14,12,10,11,11,11,11,11,10,10,10,11,11
64,65,39,25,22,18,16,17,21,22,23,24,28,41,58,64,86,109,133,159,182,199,211,219,224,211,147,49,22,20,17,15,15,15,14,16,17,16,16,16,15,15,19,20,18,19,18,16,17,17,14,13,13,12,11,10,10,10,11,10,9,10,11,11,69,71,44,25,22,18,16,18,21,23,25,25,30,44,62,67,87,109,132,158,180,197,208,217,222,210,146,50,23,21,18,17,17,17,16,17,18,18,18,18,17,16,20,22,20,21,20,17,17,17,14,13,13,12,11,10,10,10,11,10,9,10,11,11,69,67,42,25,24,20,18,19,22,24,26,26,31,44,60,65,91,116,142,170,195,215,226,236,238,222,154,53,24,22,19,17,15,16,15,17,18,18,17,17,16,16,20,21,19,20,19,17,17,17,14,13,13,12,11,10,10,10,11,10,9,10,11,11
71,60,32,30,28,25,22,20,18,18,18,20,22,24,29,32,37,39,46,60,81,108,123,121,102,72,32,21,19,18,15,13,13,14,14,16,16,15,16,16,16,17,20,20,18,18,17,16,17,15,14,13,13,12,10,9,9,10,10,9,10,10,10,10,75,66,37,32,31,28,23,21,19,19,19,21,24,28,31,36,42,43,49,63,82,107,123,121,101,72,33,22,21,20,17,15,14,15,16,18,18,17,17,18,18,19,22,22,20,20,19,18,18,16,15,14,14,13,10,9,9,10,10,9,10,10,10,10,73,64,37,33,32,29,25,22,20,20,19,20,23,28,33,38,42,45,52,66,87,113,129,126,104,73,33,22,22,20,17,14,13,14,14,16,17,16,17,17,17,18,21,21,19,19,18,17,17,16,15,14,14,12,10,9,9,10,10,9,10,10,10,10
71,49,30,33,34,30,28,27,26,26,23,19,17,19,22,24,27,30,34,37,37,38,43,38,28,25,21,20,19,17,15,13,12,13,15,15,15,15,16,17,17,19,22,24,18,16,16,16,15,15,14,12,12,11,10,10,9,10,10,10,9,9,12,11,76,58,38,39,38,34,33,32,31,31,26,21,20,21,23,27,31,34,38,41,41,40,47,41,30,26,22,21,21,19,17,14,13,15,17,17,17,17,16,18,19,21,24,26,20,18,18,18,17,17,16,13,13,11,10,10,9,10,10,10,9,9,12,11,72,56,39,40,39,35,34,32,31,32,28,21,20,22,25,28,31,35,41,44,42,41,49,43,31,27,23,23,22,19,16,14,13,14,16,16,16,16,16,17,18,20,23,25,19,17,17,17,16,16,15,13,12,11,10,10,9,10,10,10,9,9,12,11
64,39,34,36,35,32,32,33,34,34,35,33,28,24,20,19,21,24,26,31,35,33,33,28,30,41,46,31,20,16,14,13,13,13,16,15,15,15,16,17,17,19,22,23,17,15,15,15,13,16,15,12,11,11,12,10,11,12,11,8,10,14,13,10,73,48,41,42,40,38,37,37,38,39,41,38,32,28,22,20,22,25,28,35,39,36,36,31,32,42,47,32,22,18,16,14,13,15,18,17,17,17,17,18,19,21,24,25,19,17,17,17,15,18,16,12,11,11,12,10,11,12,11,8,10,14,13,10,71,47,43,42,41,38,38,39,40,41,42,39,33,29,23,21,23,26,30,37,39,35,35,30,32,43,49,35,23,17,15,15,13,14,17,16,16,16,16,17,18,20,23,24,18,16,16,16,14,17,16,12,11,11,12,10,11,12,11,8,10,14,13,10
56,35,35,35,31,31,33,34,33,33,35,34,34,32,30,24,21,15,17,21,24,27,30,23,19,22,34,51,57,35,17,12,13,14,17,16,16,15,15,15,16,18,22,21,19,17,19,16,14,14,12,11,11,13,15,12,10,9,8,8,12,14,12,11,65,41,39,40,37,36,38,37,37,38,41,40,39,38,34,28,22,16,18,23,26,29,32,25,21,24,35,52,58,36,19,14,13,16,19,18,18,17,17,17,18,20,24,23,21,19,21,18,16,16,14,11,11,13,15,12,10,9,8,8,12,14,12,11,63,41,42,41,37,37,39,39,39,39,41,40,40,41,36,28,23,17,19,24,26,27,30,24,20,22,35,54,60,38,19,14,13,15,18,17,17,16,16,16,17,19,23,22,20,18,20,17,15,15,13,11,11,13,15,12,10,9,8,8,12,14,12,11
43,31,32,33,32,31,31,31,33,34,35,35,32,32,30,24,22,14,12,11,12,16,19,19,18,16,21,37,56,71,57,30,16,15,16,17,17,15,15,15,15,17,19,20,22,23,21,17,15,13,12,13,14,19,19,13,10,8,9,12,13,14,16,14,52,37,34,36,36,34,34,34,36,39,38,38,36,35,33,27,23,14,13,11,13,17,20,20,19,18,23,38,58,72,58,31,16,16,18,19,19,17,16,17,17,19,21,22,24,25,23,18,16,15,13,13,14,19,19,13,10,8,9,12,13,14,16,14,51,37,36,37,37,35,34,34,37,39,39,39,37,36,33,26,24,14,13,11,12,16,20,19,18,17,20,37,57,71,58,32,17,16,18,18,18,16,16,16,16,18,20,21,22,24,22,17,15,14,13,12,13,19,19,13,10,8,9,12,13,14,16,14
36,33,32,33,36,35,33,33,34,32,33,34,31,30,30,26,22,15,9,8,8,9,11,10,14,28,22,49,54,105,157,98,42,21,17,19,19,17,15,15,15,15,19,25,26,22,18,16,14,12,11,15,17,17,18,14,11,11,12,13,15,16,15,13,42,37,35,38,40,37,35,34,36,35,36,39,36,35,33,27,23,15,9,8,8,9,11,11,15,28,24,49,54,105,157,96,42,21,17,20,19,17,15,15,15,17,21,27,28,24,20,16,14,12,11,15,17,17,18,14,11,11,12,13,15,16,15,13,41,37,35,38,41,39,37,36,37,35,37,39,36,34,33,27,25,16,9,8,8,9,11,10,13,24,20,39,41,80,118,81,42,22,18,20,19,17,15,15,15,16,19,24,25,21,18,15,14,12,11,14,16,16,17,14,11,11,12,13,15,16,15,13
38,37,32,34,37,36,34,32,30,25,23,26,28,30,31,29,24,17,10,9,8,8,8,7,62,177,103,141,165,151,223,154,46,45,30,22,19,17,15,15,15,13,19,24,23,18,16,14,13,15,14,13,15,17,15,15,14,13,15,13,13,13,13,15,42,41,36,38,41,40,38,34,32,26,25,28,32,33,33,32,26,17,10,9,8,8,8,7,61,174,105,135,160,150,227,156,47,46,31,23,21,18,15,15,15,15,21,26,25,20,17,14,13,15,14,13,15,17,15,15,15,13,15,13,13,13,13,15,44,43,38,40,42,41,38,35,33,27,24,28,32,34,35,33,27,18,10,9,8,8,8,7,41,126,71,82,108,96,158,115,41,44,30,22,19,18,15,15,15,14,20,24,23,18,15,14,13,15,14,13,15,17,15,15,15,13,15,13,13,13,13,15
33,33,29,35,36,34,33,36,36,30,26,21,23,25,27,27,25,14,9,9,9,8,7,7,82,234,193,157,193,159,226,218,112,27,31,36,27,18,16,17,15,14,17,19,17,16,17,15,16,18,18,16,14,15,17,18,15,13,14,12,11,12,13,13,37,37,34,40,42,39,38,40,40,34,28,22,24,25,29,31,27,15,9,9,9,8,8,8,81,229,192,143,179,153,230,219,110,26,32,38,29,19,16,17,15,15,19,21,19,18,18,15,16,18,18,16,14,15,18,20,17,13,14,12,11,12,13,13,38,38,35,40,42,40,38,41,41,34,28,22,25,27,30,31,26,14,9,9,9,8,7,7,49,165,135,71,115,96,158,167,82,23,29,35,27,18,16,17,15,14,18,20,18,17,17,15,16,18,18,16,14,15,17,19,16,13,14,12,11,12,13,13
29,28,29,35,36,36,36,37,36,34,31,24,19,21,18,21,18,10,9,8,8,7,7,7,49,208,225,174,211,163,196,213,216,57,23,25,32,27,17,17,15,13,15,18,19,16,18,17,13,13,16,18,17,16,19,18,13,11,12,13,12,12,11,11,31,29,31,37,38,39,39,40,40,38,34,25,21,22,20,23,20,11,9,8,8,7,7,8,48,204,224,160,195,160,204,220,209,53,24,26,33,29,17,17,15,13,16,19,20,18,19,16,13,13,17,18,17,16,20,20,15,12,12,13,12,12,11,11,32,31,32,38,39,40,40,42,41,39,34,24,20,22,19,23,19,10,9,8,8,7,8,7,29,138,156,76,122,86,131,157,151,37,22,25,32,28,17,17,15,13,15,18,19,17,18,16,13,13,16,18,17,16,19,19,14,11,12,13,12,12,11,11
17,20,23,23,26,29,32,30,27,29,25,19,19,19,16,15,14,12,10,10,9,7,8,10,46,148,206,186,193,145,180,197,216,94,63,61,61,55,36,21,16,12,12,19,23,18,14,16,19,18,19,21,20,17,17,15,11,10,12,13,12,11,11,11,19,22,25,25,28,31,33,32,28,30,26,20,19,19,16,15,14,12,10,10,9,7,8,10,44,148,209,182,187,149,190,207,195,82,61,62,61,55,36,21,16,12,13,21,25,20,15,16,19,20,21,23,22,18,18,16,12,10,12,13,12,11,11,11,18,22,25,24,27,30,34,33,30,31,26,20,19,19,16,15,14,12,10,10,9,7,7,8,21,83,138,100,108,71,119,142,146,67,63,61,61,55,36,21,16,12,13,20,24,19,14,16,19,19,20,22,21,18,17,15,11,10,12,13,12,11,11,11
17,17,17,17,18,21,23,21,19,22,21,16,17,18,16,17,19,21,18,17,22,26,27,28,30,83,173,177,167,138,174,190,209,118,64,62,64,67,69,57,34,15,12,21,28,24,15,12,17,20,18,21,19,14,13,13,11,10,10,10,11,11,11,11,19,19,18,18,19,22,25,23,21,23,21,16,17,18,16,17,19,21,18,17,22,26,26,27,28,85,182,182,174,147,184,202,190,96,63,62,64,67,69,57,34,15,13,23,30,27,17,13,18,21,20,22,20,15,13,13,11,10,10,10,11,11,11,11,18,18,18,17,19,21,24,22,21,23,21,16,17,18,16,17,19,21,17,17,21,25,26,28,16,42,114,106,96,70,112,140,141,79,61,61,64,67,69,57,34,16,13,22,29,26,16,12,18,21,19,21,19,15,13,13,11,10,10,10,11,11,11,11
20,19,19,19,17,19,21,15,15,19,29,34,35,38,44,44,43,44,43,39,40,45,47,44,27,43,135,181,168,141,179,184,200,145,65,59,61,63,64,67,70,53,29,19,22,28,23,15,15,18,16,14,14,12,11,12,11,9,10,10,11,11,12,11,20,19,19,19,17,19,21,16,15,19,29,34,35,38,43,43,43,44,43,40,40,44,46,43,25,45,144,189,177,148,190,198,191,123,63,60,59,61,64,67,70,53,29,20,23,30,25,17,17,20,17,15,14,12,11,12,11,9,10,10,11,11,12,11,20,19,20,19,17,19,21,15,15,19,29,33,33,36,42,42,43,42,40,38,38,43,46,40,26,23,81,124,106,78,122,138,139,91,58,59,60,62,64,67,70,54,31,20,22,29,24,16,16,19,16,14,14,12,11,12,11,9,10,10,11,11,12,11
24,21,21,23,21,18,20,20,19,18,26,42,46,49,52,56,53,50,50,47,42,44,47,43,29,21,101,169,182,135,164,182,185,154,67,56,56,58,59,62,63,65,66,50,26,22,20,13,11,16,15,13,12,11,9,9,9,9,9,10,11,11,10,10,24,21,21,23,21,18,20,20,19,18,26,42,46,48,52,55,52,49,48,46,42,44,47,41,28,21,109,180,190,142,174,196,188,148,65,57,55,56,59,62,63,65,66,50,27,24,22,15,12,17,16,13,12,11,9,9,9,9,9,10,11,11,10,10,25,21,22,23,21,18,20,20,19,18,26,40,44,46,50,53,50,48,48,45,40,42,43,40,26,15,62,118,130,79,113,131,124,89,55,56,55,57,59,61,63,66,68,52,28,23,21,14,12,17,15,13,12,11,9,9,9,9,9,10,11,11,10,10
29,27,25,25,25,22,23,24,23,24,25,33,46,50,49,50,49,49,50,49,45,40,35,29,20,12,67,142,176,163,165,174,162,156,79,50,49,52,53,56,59,61,63,61,48,41,27,14,10,13,15,14,12,10,9,8,9,9,10,11,12,14,14,15,30,29,27,25,25,22,23,24,23,24,25,33,46,49,49,50,49,49,49,49,44,39,35,30,20,13,74,160,192,180,184,192,175,158,79,50,50,51,53,56,59,61,63,61,48,42,28,14,10,13,17,15,12,10,9,8,9,9,10,11,12,14,14,15,30,29,26,25,25,22,23,24,23,25,26,32,44,47,47,48,47,47,48,47,42,37,32,27,17,9,50,109,143,131,134,137,112,94,59,48,46,49,51,54,58,60,62,62,50,43,29,14,10,13,16,14,12,10,9,8,9,9,10,11,12,14,14,15
26,27,26,22,23,23,23,26,23,24,26,25,31,37,37,42,47,47,45,34,26,22,20,15,10,8,25,97,177,172,160,166,148,132,100,78,60,50,51,52,53,52,54,57,48,35,48,38,14,12,14,13,12,10,9,9,8,8,11,14,16,18,19,19,27,29,28,23,24,24,24,27,24,24,26,25,31,37,37,42,47,47,45,35,26,22,20,15,10,7,28,116,195,193,183,188,170,148,117,91,64,51,51,52,53,53,54,57,48,35,49,39,15,12,15,13,12,10,9,9,8,8,11,14,16,19,20,20,29,30,27,23,23,24,25,28,25,26,26,25,29,36,36,41,45,45,43,33,25,21,19,15,10,7,16,68,145,145,134,137,115,91,78,70,55,47,48,50,51,50,51,55,48,34,48,38,14,12,15,13,12,10,9,9,8,8,11,14,16,19,20,19
26,27,25,23,22,21,20,21,22,22,23,24,24,24,23,25,35,44,33,20,18,17,17,14,9,7,19,81,153,175,156,149,141,128,104,95,91,78,62,55,51,44,45,49,52,41,37,40,27,21,16,11,10,9,8,8,7,8,12,16,22,22,23,23,26,28,26,24,23,21,20,21,22,22,24,25,25,24,23,25,35,44,33,21,19,18,17,14,9,7,22,101,175,196,180,174,167,155,131,119,114,91,67,59,53,46,45,48,51,41,39,43,29,22,16,11,10,9,8,8,7,8,12,17,23,24,24,24,28,28,26,24,23,21,21,22,23,23,24,24,24,24,23,25,34,43,31,20,18,18,17,13,9,7,15,58,121,147,128,117,108,98,81,75,76,68,58,52,48,41,41,46,49,39,36,40,27,20,16,12,10,8,8,8,7,8,12,18,24,25,25,25
22,21,22,21,19,20,19,20,20,21,20,21,23,23,22,21,20,24,21,18,17,17,16,13,9,8,15,80,122,142,149,155,143,132,113,99,90,89,96,96,98,91,77,61,46,36,32,34,29,34,43,35,17,9,8,7,8,8,12,20,26,26,24,22,22,21,22,21,19,20,19,20,20,21,22,23,23,23,22,21,20,24,21,18,17,17,16,13,9,8,16,98,148,167,174,181,172,161,141,124,115,114,119,117,114,105,88,67,49,37,32,35,31,34,43,35,17,9,8,7,8,8,12,21,27,27,25,23,22,21,22,21,19,20,19,20,20,21,21,22,23,23,22,21,20,23,21,18,17,17,16,13,9,8,13,62,98,120,124,129,114,100,87,76,72,71,80,82,84,80,69,56,43,34,31,34,29,31,43,35,17,9,8,7,8,8,12,23,29,29,27,25
19,19,19,19,18,19,19,19,19,20,21,21,21,20,19,19,18,18,18,17,17,17,16,13,9,10,22,76,95,114,139,141,138,139,99,90,108,109,110,106,102,102,100,99,87,48,26,32,36,37,42,49,48,36,14,6,7,8,13,21,23,22,22,22,19,19,19,19,18,19,19,19,19,20,22,21,21,20,19,19,18,18,18,17,17,17,16,13,9,10,24,92,121,142,168,170,166,165,121,111,131,135,135,132,127,125,120,115,100,54,28,33,37,38,42,49,48,36,14,6,7,8,13,22,24,23,23,22,20,20,20,19,18,19,19,19,19,21,22,21,21,20,19,18,18,18,18,17,17,17,16,13,9,10,22,62,75,92,111,109,105,105,79,73,82,83,85,83,82,82,81,82,74,44,26,33,36,36,41,48,47,35,14,6,7,8,13,22,25,25,25,24
18,19,19,19,19,19,19,20,19,19,19,18,17,16,16,17,18,18,18,17,17,17,16,14,10,15,27,63,84,107,135,139,136,135,104,47,60,77,88,95,96,98,94,96,96,98,62,28,33,32,27,37,44,46,36,18,9,8,13,18,20,21,20,20,18,19,19,19,19,20,19,20,19,20,20,19,17,16,16,17,18,18,18,18,18,17,16,14,10,15,30,76,107,135,165,168,164,163,123,51,68,92,109,120,120,119,117,118,114,114,70,31,35,34,28,37,44,47,37,18,9,9,13,19,21,21,21,20,19,20,20,19,19,19,19,20,19,19,19,18,17,18,17,16,18,18,18,17,18,17,16,14,10,14,29,52,63,81,104,101,95,95,87,45,53,64,68,72,73,79,75,76,75,79,58,29,34,33,27,36,44,46,36,18,9,8,13,19,22,23,23,22
19,18,19,18,18,18,18,17,15,15,14,14,14,14,15,14,14,15,17,17,17,17,17,15,12,15,23,46,79,94,125,142,143,143,119,44,44,48,45,46,73,81,79,85,94,99,124,69,25,25,23,23,26,24,27,27,26,20,14,16,19,20,20,20,18,19,19,19,20,20,20,19,16,16,14,15,14,14,15,14,14,15,17,18,18,18,17,15,12,15,23,59,104,121,154,171,172,166,139,48,46,51,47,56,92,100,95,102,114,121,145,81,28,28,25,25,28,25,28,28,27,21,14,16,19,20,20,20,19,19,19,19,19,19,19,18,16,16,16,16,16,16,16,14,14,15,17,18,17,17,17,15,12,14,26,39,62,71,96,108,103,91,85,44,44,48,45,40,59,63,62,67,73,76,104,67,27,26,24,24,27,24,28,28,27,20,13,15,20,22,21,22
21,19,19,18,17,17,15,13,13,13,13,14,13,13,14,14,15,15,15,15,17,19,18,17,13,10,12,36,79,113,137,153,182,209,191,126,65,43,54,45,31,49,68,78,78,86,136,153,45,25,22,21,23,21,18,21,28,32,26,20,15,16,17,20,21,20,20,19,18,17,15,13,13,13,13,14,13,13,14,14,15,15,15,15,17,19,18,17,13,11,13,46,101,133,160,171,182,190,178,119,66,45,57,47,34,58,79,89,92,103,156,170,50,28,23,23,24,21,19,21,28,33,27,21,15,16,17,20,21,19,19,19,18,17,15,13,13,13,13,14,13,13,14,14,15,15,15,16,18,19,18,17,13,10,13,31,59,63,86,91,53,25,28,37,43,44,54,47,29,42,56,63,64,68,109,133,43,26,23,22,24,21,19,21,28,33,28,22,17,17,18,22
18,19,19,19,17,14,13,14,13,13,13,13,13,13,13,13,13,15,15,15,16,18,18,17,14,11,12,26,106,215,223,220,238,243,246,246,203,83,53,54,46,29,30,32,39,72,177,174,75,25,23,20,21,18,22,21,24,29,26,26,27,25,22,23,20,20,19,19,17,13,12,14,12,13,13,13,13,13,14,13,14,15,15,15,16,18,18,17,14,11,11,33,119,212,220,202,211,214,212,227,199,80,55,58,47,31,29,35,43,80,189,189,82,27,25,22,22,18,23,22,26,31,28,28,28,25,22,24,20,20,19,19,17,14,13,13,12,13,13,13,12,12,12,13,13,14,15,15,16,19,18,17,13,10,11,23,41,39,45,31,13,9,5,33,55,36,45,56,47,28,27,30,35,63,154,146,65,26,25,21,21,18,22,22,25,31,28,28,29,27,23,26
18,18,17,16,14,17,55,76,51,36,29,22,18,17,15,14,15,16,19,22,27,33,35,34,26,20,21,27,165,251,251,249,249,250,250,250,249,230,179,96,61,45,39,57,97,149,182,162,104,27,25,20,19,18,20,21,22,27,30,35,31,31,34,44,20,18,17,16,13,17,60,84,58,40,31,24,19,17,15,14,14,17,20,24,29,37,40,37,28,21,21,30,158,242,247,246,236,231,210,230,234,217,178,97,61,47,41,61,102,157,186,170,114,29,27,21,19,18,20,21,24,30,33,36,32,31,34,47,21,20,16,16,15,16,51,71,48,35,28,22,18,15,14,15,13,15,19,20,24,30,33,31,25,19,21,19,25,34,37,41,36,15,4,18,14,34,77,58,57,42,35,51,79,100,114,114,81,28,26,20,19,18,20,21,23,29,32,35,31,33,36,44
19,17,17,14,21,68,89,93,91,88,86,75,71,71,67,63,63,69,76,80,79,78,78,90,125,163,160,137,208,252,252,252,252,250,250,249,251,250,252,232,138,113,139,197,221,231,234,173,117,26,23,25,21,19,18,17,21,27,34,36,34,41,94,150,19,17,15,13,23,78,101,104,103,99,95,85,81,80,76,73,71,79,88,93,93,90,90,101,133,166,159,136,190,243,249,251,251,235,212,226,218,228,251,233,137,114,140,189,204,209,218,172,126,28,25,25,21,19,18,18,23,29,35,36,35,45,100,157,22,17,16,13,22,63,81,83,81,80,77,66,62,63,61,57,55,60,67,67,67,65,67,76,107,146,135,105,32,37,36,49,52,24,10,13,6,28,90,91,59,69,73,66,43,22,29,79,96,26,26,25,21,19,18,18,22,27,34,36,36,43,95,155
18,17,16,32,89,96,89,86,85,78,81,79,77,79,87,86,80,83,83,77,80,98,134,158,176,175,168,170,224,252,253,252,249,249,248,250,250,251,251,251,237,230,240,250,249,249,219,159,62,22,24,26,24,22,20,20,24,58,140,81,93,132,161,148,18,17,16,35,100,110,100,96,96,89,91,89,87,90,101,100,93,98,98,90,90,109,143,164,180,180,172,171,216,251,253,252,244,235,235,227,219,239,247,239,222,211,217,235,226,231,213,163,67,23,27,26,24,22,21,21,26,54,129,83,102,146,175,160,20,18,18,32,79,85,82,79,78,72,74,72,70,70,78,77,69,70,70,64,66,80,104,116,126,132,117,99,56,53,49,45,33,27,30,19,16,36,46,38,24,23,17,17,9,17,41,98,52,21,26,26,24,21,19,21,25,22,30,67,100,148,177,163
17,19,45,109,115,102,102,96,90,83,80,78,76,79,83,82,78,76,77,99,136,162,175,189,204,207,209,211,224,252,252,246,218,198,200,216,231,245,247,245,250,252,252,253,251,220,130,65,23,25,26,26,25,23,29,39,81,173,242,219,200,175,157,163,17,20,49,122,131,116,114,108,101,93,92,90,89,91,96,95,91,89,88,110,146,169,174,181,191,196,202,202,214,252,253,241,198,172,175,187,209,238,238,208,215,220,230,237,239,214,130,68,23,25,27,26,25,23,29,40,82,156,224,222,209,189,174,177,19,21,43,98,100,95,94,87,80,75,74,72,70,71,74,72,67,63,63,79,107,122,103,71,60,52,47,38,39,52,43,44,21,22,23,19,23,33,21,8,3,5,10,15,20,38,53,47,21,23,25,26,25,23,25,35,78,59,64,185,177,182,179,181
16,51,125,139,125,116,132,140,110,99,103,103,94,89,81,78,77,93,138,154,155,162,194,238,251,252,252,253,250,230,194,140,90,70,74,84,100,118,132,186,232,246,247,240,189,77,35,27,22,24,34,26,28,55,138,177,211,247,244,247,236,224,203,180,17,55,136,151,137,127,142,151,120,109,113,113,106,101,93,90,88,104,149,165,165,166,183,233,247,250,252,251,249,216,175,116,63,46,53,58,72,97,110,145,191,215,219,214,180,77,36,27,22,24,35,26,30,59,143,183,205,231,240,245,236,231,214,191,17,48,110,120,110,103,119,122,94,85,89,90,81,77,73,67,65,76,109,116,109,90,56,71,83,84,76,69,61,32,20,18,18,14,19,16,15,15,11,8,7,5,8,9,23,31,30,26,22,20,30,25,28,39,95,164,150,64,95,102,117,166,171,176
23,76,86,97,110,129,124,133,103,94,93,86,81,76,76,81,104,135,139,134,114,156,192,224,250,252,253,250,206,112,72,62,66,54,52,51,52,46,40,51,101,184,210,147,92,79,61,54,28,20,24,56,126,157,206,225,238,251,253,251,249,250,248,203,25,87,99,107,117,135,132,144,113,104,103,96,90,84,87,93,116,148,151,145,128,160,183,223,250,253,253,248,188,84,49,41,46,37,37,36,39,33,29,33,70,140,168,130,98,89,70,57,30,22,26,59,134,165,209,221,232,246,249,251,249,251,249,208,23,63,72,87,97,111,108,113,86,79,80,73,67,61,64,68,85,102,97,87,63,49,42,73,76,80,80,74,39,18,14,16,18,15,16,16,15,16,11,10,8,10,10,18,27,34,32,41,26,18,23,51,112,117,160,136,57,47,64,84,92,95,114,165
41,71,40,30,27,40,56,71,79,74,73,74,77,81,81,88,111,91,84,78,68,81,124,165,219,247,247,219,101,60,56,56,58,48,41,38,30,29,29,26,32,115,222,222,192,149,90,106,109,119,109,112,122,169,195,235,251,251,250,251,234,236,245,229,45,82,46,32,27,40,58,75,86,80,80,82,85,89,91,98,122,106,101,96,83,89,133,169,208,237,243,199,71,43,39,38,40,35,32,29,23,21,21,19,18,79,186,201,184,148,97,114,117,124,115,123,139,169,188,226,246,249,250,250,235,236,245,233,34,54,35,27,26,35,49,61,68,62,61,61,63,67,64,56,67,46,36,28,17,23,61,76,54,41,49,38,13,18,17,14,11,12,13,13,13,11,13,13,9,10,10,19,29,29,15,54,69,67,68,74,71,83,78,71,70,75,66,83,113,153,209,231
30,31,22,25,19,13,13,14,16,21,25,31,33,37,38,41,69,86,96,100,81,70,106,194,233,245,205,99,61,50,52,54,63,56,40,34,34,35,25,21,29,50,140,222,236,236,233,182,197,231,233,165,77,93,124,195,244,250,252,252,248,240,230,242,31,34,23,24,18,12,12,13,16,22,26,33,37,41,42,43,74,95,108,110,91,78,100,168,205,224,171,66,42,34,35,39,51,50,37,32,30,30,21,15,19,33,100,179,204,227,229,176,199,232,234,173,101,116,139,189,230,241,246,251,248,241,229,245,25,26,22,23,19,13,11,13,16,20,23,27,28,31,31,29,48,49,56,57,38,17,11,15,17,24,16,10,18,17,13,13,11,11,11,10,11,11,10,10,12,9,11,7,15,57,68,49,87,123,142,94,37,40,40,41,31,31,30,51,70,80,158,225
14,17,19,20,15,14,16,17,15,14,14,15,14,17,17,17,17,27,41,69,123,141,192,233,247,246,201,75,48,44,44,60,71,40,23,18,22,33,41,32,26,31,104,223,237,168,180,195,191,234,231,132,71,99,162,227,246,251,251,251,249,239,203,218,14,17,19,20,15,14,16,17,15,14,13,14,15,16,17,15,16,29,45,72,122,132,173,208,218,209,158,49,32,30,29,48,63,36,20,16,18,30,36,23,19,20,69,175,194,146,177,191,192,235,233,147,96,117,155,198,215,221,226,245,249,238,203,218,15,18,19,20,16,14,15,17,16,15,15,14,15,15,15,15,16,21,28,39,45,30,15,10,6,8,11,11,15,15,12,13,15,11,15,12,11,12,11,10,13,10,13,9,6,19,68,61,75,123,142,81,29,28,19,10,5,5,13,42,76,125,135,187
12,14,14,15,14,16,17,18,17,16,14,14,37,82,78,38,30,32,37,113,98,50,148,223,242,251,230,88,43,37,40,46,60,42,27,23,25,38,55,41,34,37,92,218,242,225,134,138,186,210,150,68,64,156,231,252,252,252,251,246,208,186,192,209,12,14,14,15,14,16,17,16,15,15,14,13,35,80,76,40,33,39,44,109,91,46,129,196,216,225,199,62,27,25,27,35,52,36,23,20,22,33,45,29,22,21,56,168,201,190,119,140,190,212,155,88,73,142,193,213,222,225,235,245,206,185,193,210,12,14,14,15,14,16,17,17,16,16,13,12,15,17,18,18,18,24,25,40,24,17,13,18,22,10,10,9,13,14,13,13,15,15,16,15,14,12,8,9,9,11,11,8,8,11,13,30,53,75,58,25,19,21,5,4,4,4,14,59,85,112,141,175
10,12,12,11,12,11,13,14,14,20,16,15,43,88,100,117,86,45,42,36,77,178,243,253,252,252,249,170,60,39,36,37,50,60,49,40,46,56,44,41,46,45,65,149,204,198,115,182,209,227,232,152,151,213,232,245,252,251,254,251,245,217,196,193,10,11,11,11,11,11,12,13,12,18,14,13,37,79,97,111,88,56,52,41,70,165,236,249,253,247,227,136,36,24,24,25,36,48,40,33,40,46,31,28,30,29,47,128,177,171,110,179,208,228,236,154,152,210,218,219,231,240,250,252,243,216,198,193,10,11,12,11,11,10,12,13,13,14,15,12,12,10,10,22,19,25,28,23,15,23,49,76,74,42,15,9,11,13,12,12,12,16,14,14,12,9,10,14,11,12,12,17,15,14,16,29,51,96,127,57,36,71,73,27,6,14,44,72,78,90,113,162
12,12,11,11,12,32,65,72,40,33,20,15,20,70,141,182,165,107,74,40,177,248,253,254,254,253,252,234,133,69,74,90,86,66,41,49,46,40,35,49,57,88,154,211,234,216,149,190,209,225,238,176,203,240,251,247,250,251,253,253,245,195,151,134,10,10,9,10,11,29,62,73,40,32,18,14,18,62,133,161,137,92,67,38,156,240,253,254,254,254,247,207,103,55,60,71,70,50,31,37,37,29,23,33,36,60,129,194,220,212,152,185,205,224,238,168,202,239,251,233,232,241,248,252,242,190,149,135,11,11,10,9,10,13,13,12,10,11,11,11,13,10,24,19,10,11,13,11,19,52,82,87,87,80,55,15,12,14,13,16,16,17,11,10,10,11,12,13,12,11,10,17,20,38,29,22,43,84,144,59,42,110,181,94,16,19,45,64,68,76,94,124
13,12,10,10,39,117,129,115,91,102,105,90,76,84,116,158,205,192,160,149,204,243,252,252,249,239,231,213,186,157,195,226,231,166,69,43,36,41,49,61,81,149,236,247,244,214,170,201,223,238,229,186,198,234,247,250,251,252,252,253,250,230,170,119,13,12,10,10,34,102,115,108,83,88,86,71,67,74,106,136,162,145,122,126,185,239,252,252,250,239,229,202,169,143,178,204,212,149,55,29,24,26,32,38,54,115,200,222,234,212,172,197,219,234,226,177,189,223,233,226,233,242,245,247,241,222,164,122,13,12,10,11,17,22,13,11,8,9,8,14,14,13,12,12,8,7,8,16,20,61,96,93,92,82,46,17,14,19,15,18,22,20,15,10,13,12,13,11,13,8,7,10,25,34,18,22,54,101,104,46,43,78,105,43,16,27,22,25,27,37,78,111
12,12,13,15,52,129,152,163,183,197,197,196,195,196,218,214,205,203,217,183,192,204,220,194,151,136,168,192,207,179,120,124,183,213,142,61,70,75,126,183,210,179,191,209,200,184,171,193,220,237,227,173,173,226,246,252,251,252,253,253,252,250,225,151,12,12,13,13,46,115,135,136,145,153,152,158,165,165,184,165,152,155,181,140,168,195,218,192,152,142,169,188,194,166,110,101,148,183,124,38,46,48,92,142,173,155,168,191,191,195,186,195,220,237,225,167,165,213,234,241,242,249,253,253,250,246,218,149,12,12,13,14,13,14,13,6,6,5,6,10,10,10,9,7,7,9,11,10,22,49,87,64,44,36,35,20,16,9,14,13,8,14,18,10,9,12,12,10,10,14,8,7,27,53,38,27,58,99,105,47,38,67,102,103,56,37,52,55,49,26,51,108
16,17,15,23,105,192,220,222,226,230,237,235,216,213,184,164,172,191,215,191,169,173,201,202,179,140,112,190,179,160,134,160,182,167,199,206,218,209,234,248,252,243,172,163,198,195,167,170,197,220,173,155,172,237,252,251,252,250,253,252,251,252,249,237,16,17,15,22,92,167,194,187,190,198,213,208,173,171,154,131,129,147,175,140,126,158,197,200,189,158,114,190,182,156,126,148,170,151,184,185,197,183,199,210,225,226,164,154,189,198,179,177,200,220,172,159,169,237,252,254,252,249,253,253,249,250,245,237,16,17,16,14,13,13,7,6,7,12,19,13,6,9,15,19,14,9,7,5,7,8,32,50,54,42,23,54,34,7,8,15,30,20,21,16,11,11,7,6,11,26,28,16,37,57,52,50,61,64,53,53,33,98,173,198,182,79,49,51,43,54,75,94
25,18,15,14,54,129,193,220,233,243,233,220,211,146,106,187,215,213,203,194,176,185,228,240,207,88,100,107,130,132,169,207,238,239,246,251,217,208,234,243,246,250,238,224,239,243,242,195,174,219,193,184,189,210,243,247,251,251,253,252,251,245,234,208,25,18,14,13,47,117,168,177,201,216,194,172,161,106,87,154,170,166,159,155,153,182,230,244,214,95,107,115,140,148,165,199,239,236,236,246,206,195,225,235,242,249,234,212,228,234,240,198,181,220,190,181,180,205,240,245,250,250,253,253,250,243,230,203,26,17,16,14,13,19,10,6,13,12,7,3,4,11,19,12,8,5,6,4,7,25,97,119,86,21,10,16,30,15,11,39,121,94,29,38,22,12,14,24,40,71,72,33,57,92,110,75,36,87,87,74,50,52,129,160,149,70,62,71,68,68,64,72
28,18,14,18,15,49,191,229,247,246,235,222,201,162,219,233,231,200,189,205,189,193,237,232,185,144,160,123,82,125,144,196,206,167,230,251,244,156,142,158,145,144,187,235,241,240,232,196,156,203,239,249,246,218,197,219,249,252,252,252,230,178,158,138,28,18,14,16,16,41,156,192,223,219,196,179,154,131,194,190,191,168,171,200,187,192,241,238,189,151,167,133,88,144,163,198,211,172,225,249,242,152,137,150,137,145,186,227,232,236,230,198,158,201,237,248,244,211,170,194,235,251,252,254,228,170,147,131,29,16,13,19,16,13,13,6,11,9,5,3,5,25,27,7,11,8,27,60,43,58,145,133,71,17,16,8,14,30,31,58,106,62,26,48,55,34,10,11,19,35,64,50,53,84,115,79,24,69,112,143,163,103,39,30,49,75,90,107,107,93,86,94
30,23,20,27,23,33,184,250,250,246,236,215,211,238,244,242,248,221,216,237,204,154,154,109,86,145,158,122,74,88,91,98,70,61,201,250,251,176,95,101,65,91,149,217,197,168,187,196,199,246,251,249,247,218,167,225,248,250,249,253,246,207,165,151,30,23,19,27,21,29,169,235,235,219,198,171,172,215,209,222,241,207,210,242,205,144,153,111,87,147,163,125,79,94,105,107,76,70,201,247,250,179,100,96,62,98,149,218,204,181,200,202,196,245,251,248,249,219,148,202,223,242,247,247,244,205,164,153,30,22,21,30,23,14,22,22,16,7,8,6,8,20,15,36,61,34,74,141,78,23,41,35,14,27,23,7,5,13,16,17,18,9,32,45,61,55,12,10,9,6,23,59,40,59,78,82,47,108,168,172,171,139,29,16,12,45,59,63,91,135,150,146
30,31,28,29,29,27,108,218,252,251,241,226,217,240,247,240,250,246,216,174,155,163,154,165,124,72,62,62,86,124,155,176,130,115,172,232,230,154,146,155,73,102,210,227,225,167,201,214,167,224,231,194,150,150,202,244,243,250,251,251,251,229,176,181,30,31,28,29,26,25,101,207,236,229,210,187,180,223,230,219,240,228,194,167,142,139,156,172,131,74,64,57,85,125,156,172,134,132,181,231,230,168,155,156,80,111,205,230,233,183,214,223,172,227,235,203,164,169,204,241,229,242,252,249,245,227,181,186,32,32,31,30,28,16,23,21,16,6,5,7,10,46,59,21,27,22,25,39,20,6,13,36,17,12,11,8,5,10,18,29,30,10,17,33,35,22,12,29,12,12,27,59,78,47,103,128,41,90,146,125,68,74,69,63,29,58,98,71,46,92,172,189
35,36,30,29,31,30,126,238,243,245,250,239,218,230,238,217,208,200,220,216,211,189,172,142,97,102,101,70,124,185,219,235,235,197,194,215,227,123,98,138,126,69,169,215,208,160,211,240,199,147,145,150,141,160,189,241,251,250,251,250,249,206,147,141,35,36,30,29,30,28,119,227,229,224,222,203,168,184,192,176,180,167,183,183,179,162,159,148,94,107,109,73,122,179,213,232,235,193,196,217,230,135,110,149,131,73,163,213,215,172,213,240,200,152,156,167,164,179,195,239,241,239,244,249,249,207,155,148,37,38,32,28,30,24,22,20,15,10,4,5,5,11,11,9,14,13,8,8,6,6,14,32,12,16,13,7,8,26,66,92,89,24,23,59,90,40,13,29,38,10,21,63,83,34,69,116,101,50,66,89,86,100,102,58,31,48,57,71,99,120,150,150
38,39,34,32,36,47,109,125,108,219,246,241,245,240,223,210,183,187,240,248,244,227,180,118,127,159,164,145,159,212,233,249,250,247,236,220,167,97,166,188,195,130,82,109,135,143,194,239,243,209,218,219,208,205,223,249,253,252,253,250,215,179,147,135,39,39,34,32,36,44,104,120,102,202,220,207,210,193,171,155,131,150,220,233,221,195,158,121,122,156,164,147,152,199,226,249,245,235,218,202,168,112,172,194,193,134,85,114,152,168,195,232,241,192,190,193,194,189,211,247,252,251,251,250,214,181,151,143,41,41,36,32,36,33,30,31,22,12,6,6,7,7,4,6,5,11,26,22,9,5,6,5,8,25,23,12,6,35,105,161,110,43,22,34,58,32,43,42,53,28,8,15,29,32,23,93,147,46,35,46,57,63,68,68,58,67,78,70,104,143,148,144
37,38,36,36,37,39,34,38,140,237,242,244,242,242,235,215,208,228,242,247,240,232,221,185,182,212,235,208,210,241,242,248,247,249,250,231,166,124,187,217,233,228,145,147,177,171,174,223,215,165,235,247,250,249,250,242,232,205,189,187,156,169,177,133,38,39,37,37,38,38,34,38,132,217,210,215,204,199,191,166,156,202,226,229,218,199,186,163,173,201,234,198,170,212,220,232,232,235,241,213,178,131,184,220,233,223,140,157,194,197,188,221,216,156,197,202,211,225,238,236,231,204,187,187,161,176,184,144,40,41,39,37,40,42,36,26,28,14,7,6,7,5,4,5,6,17,17,13,11,7,7,11,23,80,119,51,7,12,31,59,38,39,49,29,83,41,21,41,91,95,14,12,39,76,31,71,103,22,5,2,5,18,37,45,70,72,89,118,142,171,181,149
39,39,39,39,37,39,35,64,216,237,238,235,245,237,236,225,214,216,211,230,231,221,224,221,206,228,241,221,241,251,242,220,233,247,249,240,201,208,208,214,232,223,201,196,223,238,215,225,227,207,231,251,252,250,251,243,200,119,64,66,74,94,121,123,40,40,40,39,37,39,38,59,193,208,213,207,208,199,198,184,167,174,174,199,200,181,176,171,177,211,229,203,210,227,229,205,228,229,237,236,206,194,162,178,212,203,172,193,222,244,216,222,231,205,203,221,232,239,251,240,197,116,64,67,77,96,124,129,42,42,42,40,39,41,39,28,16,10,9,8,5,3,5,5,5,6,6,9,9,7,5,4,17,78,102,31,7,7,18,36,58,33,47,68,108,48,6,15,48,56,11,18,80,152,63,80,138,63,11,6,21,28,80,83,79,61,57,67,76,97,127,134
40,40,39,37,37,38,42,55,113,119,107,162,187,228,234,225,224,217,212,209,210,234,238,246,244,245,248,251,249,250,203,95,93,165,244,246,245,249,240,228,231,235,225,175,196,225,224,213,185,129,119,203,248,251,247,193,171,139,63,51,46,42,42,51,41,41,40,39,38,40,43,56,103,111,98,141,160,195,196,183,185,178,176,170,176,194,190,198,207,221,239,246,234,241,187,60,65,146,237,242,245,241,199,175,183,204,181,163,192,218,207,204,177,112,89,178,246,250,246,189,168,137,63,53,47,42,42,52,43,44,42,40,39,41,45,38,27,27,27,22,14,9,3,3,4,4,3,6,19,13,5,5,10,31,68,57,17,22,25,10,15,35,60,84,118,87,18,9,8,19,8,10,42,123,43,55,81,44,16,21,51,63,104,85,84,78,54,53,47,44,46,56
37,39,38,38,38,39,41,44,44,42,60,81,56,168,226,228,226,224,225,216,241,249,246,248,251,252,252,251,249,248,199,102,77,100,212,242,251,248,250,241,234,250,235,180,153,128,117,76,71,100,172,224,251,252,252,224,133,66,49,43,40,37,35,37,39,42,40,40,40,40,44,45,46,43,58,75,51,145,190,193,191,190,198,184,233,231,214,228,239,251,253,246,230,227,161,57,39,63,196,234,252,243,243,223,210,239,205,181,157,118,108,60,45,65,139,212,250,252,252,222,131,65,51,45,40,37,35,37,42,45,43,43,42,43,46,46,46,43,41,32,30,17,5,4,3,4,10,12,64,29,5,10,33,86,104,58,18,30,20,7,9,14,59,77,132,101,60,46,21,48,24,48,56,47,32,19,18,14,37,54,78,97,113,118,80,57,48,44,43,38,37,39
38,39,37,37,37,38,43,44,43,42,40,40,40,92,185,238,241,232,185,179,228,224,218,236,240,251,250,251,249,249,246,197,177,192,206,240,242,243,252,251,250,238,226,223,216,171,124,96,148,198,241,245,205,237,251,243,220,95,58,45,37,35,33,29,41,41,38,38,38,40,45,45,46,45,42,41,41,80,163,208,218,210,161,143,209,196,175,213,220,251,251,248,235,216,215,153,131,141,159,231,230,216,250,248,248,227,201,204,215,175,112,63,114,173,234,241,196,237,253,242,219,94,57,46,38,35,33,29,42,42,39,40,40,41,47,47,47,45,41,40,43,31,13,9,14,20,16,9,28,15,7,18,40,109,99,63,41,11,15,8,10,10,16,75,93,46,84,72,64,42,53,95,96,83,46,17,20,41,99,90,64,104,101,116,126,72,57,46,38,36,32,30
52,49,44,39,39,40,41,43,45,44,43,47,44,45,117,221,176,97,109,169,210,221,223,236,243,251,250,252,250,251,251,244,231,247,243,246,239,250,251,249,250,223,221,247,223,172,192,200,236,249,252,250,179,135,205,181,108,81,66,52,45,40,30,26,56,51,45,40,40,41,42,44,46,47,46,49,46,45,105,198,169,88,93,140,185,191,181,208,218,238,242,252,242,246,247,225,205,208,206,233,219,239,253,243,251,201,199,235,209,143,164,176,227,249,252,249,174,130,203,179,104,79,66,52,46,40,30,25,58,53,47,42,42,43,45,47,47,46,45,48,45,45,25,19,37,24,18,10,9,16,7,16,43,75,66,87,54,66,63,33,19,8,12,65,35,54,92,53,81,38,26,42,49,28,40,46,52,87,110,130,92,68,103,95,77,72,65,52,46,41,31,27
60,60,58,57,50,46,42,41,41,42,44,45,44,44,57,75,51,36,62,102,183,204,243,241,247,248,251,253,252,251,251,236,151,231,250,250,251,250,252,251,252,248,237,249,240,243,249,252,252,251,253,252,247,165,91,93,78,74,63,60,55,44,33,27,64,62,59,57,51,47,43,42,42,43,46,48,45,46,56,71,49,37,55,90,170,183,216,215,225,223,246,253,251,252,253,234,141,219,229,235,239,240,251,238,246,232,223,248,233,235,248,251,253,252,252,253,246,164,87,92,77,72,62,59,55,44,33,26,67,66,63,60,53,49,45,44,44,45,48,49,47,48,43,39,41,34,31,29,29,19,15,19,31,34,73,105,77,101,97,67,23,22,14,34,36,40,74,27,63,29,28,69,66,69,104,115,100,110,117,120,135,100,75,78,77,72,62,60,56,46,35,28
62,62,62,61,59,57,51,47,43,41,40,43,43,44,44,44,44,40,42,47,73,156,246,230,239,251,250,252,253,253,252,231,162,191,250,251,252,251,251,251,251,249,253,252,233,208,252,252,244,252,252,227,239,206,88,79,75,73,65,61,62,54,38,30,66,65,63,62,60,58,52,48,44,41,42,46,44,45,45,45,45,41,43,47,72,152,240,214,226,251,252,253,253,253,253,226,153,185,243,247,247,252,248,243,245,238,249,254,229,203,251,251,244,251,251,226,238,204,83,77,75,71,63,59,61,53,37,29,69,68,67,65,63,61,55,50,46,45,46,49,48,49,49,48,47,41,42,43,41,32,41,24,52,100,103,112,106,120,114,74,32,34,41,55,62,79,53,26,36,26,58,100,96,69,116,130,117,126,125,105,117,119,74,79,75,73,64,60,63,56,40,31
72,70,66,66,64,63,60,57,55,50,46,44,44,45,42,42,44,43,43,44,43,67,123,79,126,226,207,236,245,252,252,239,223,201,239,252,250,251,251,251,252,251,253,252,189,116,245,248,174,180,222,144,118,123,82,73,75,76,70,65,61,59,54,42,73,72,69,67,65,64,61,58,56,51,48,46,44,45,43,43,46,44,45,45,44,65,118,73,118,225,205,234,245,252,253,233,214,197,236,251,235,247,246,233,250,249,253,253,187,110,245,249,169,178,222,140,115,122,80,73,74,74,68,63,59,57,52,40,77,76,72,70,68,67,63,60,58,54,51,49,47,49,46,47,47,46,45,47,43,38,41,28,43,97,69,93,110,124,114,94,82,50,60,81,30,63,61,27,54,50,90,113,76,46,110,128,88,89,108,84,84,87,78,75,75,76,70,64,62,60,55,43
78,80,78,76,71,68,66,62,60,60,59,55,52,51,46,45,43,42,46,49,49,44,41,40,62,153,179,198,207,248,242,232,251,236,237,246,241,245,252,251,250,251,252,249,163,69,190,241,132,81,102,87,82,82,80,75,74,73,73,68,61,55,48,53,79,81,79,77,72,69,67,63,61,61,61,56,53,51,47,46,44,43,46,48,49,45,42,42,61,155,184,199,206,249,242,231,251,237,235,240,224,239,249,249,241,250,252,249,157,65,189,239,132,78,100,86,82,81,79,75,73,72,71,66,60,53,46,50,83,85,83,80,74,71,70,65,63,63,63,58,55,52,48,47,46,45,48,51,51,45,42,41,32,24,50,70,75,106,112,98,168,127,86,76,28,39,58,56,44,82,115,118,73,43,85,123,72,71,81,78,82,81,81,77,75,74,74,69,63,56,49,53
78,76,77,78,80,79,79,75,69,66,64,63,60,59,56,51,50,49,51,53,56,48,44,42,48,135,195,122,70,196,167,107,181,128,164,210,221,246,250,227,234,247,245,170,71,48,71,113,72,80,85,83,82,78,73,75,73,73,72,68,62,57,42,45,80,78,78,79,81,80,80,76,70,66,65,65,63,62,59,53,51,50,51,52,55,48,45,42,50,143,204,123,69,192,163,106,180,128,159,192,189,234,250,224,209,239,244,168,67,50,68,113,71,80,84,83,81,77,72,75,72,71,71,67,59,55,40,42,84,82,82,83,85,84,83,78,72,69,68,68,65,64,61,56,53,52,53,56,59,49,46,44,37,41,93,79,42,87,70,48,106,78,68,35,8,27,56,69,23,77,115,78,50,47,50,68,58,80,87,83,83,78,75,76,74,74,74,69,62,58,44,46
67,69,73,75,76,77,76,76,77,76,71,69,67,65,63,58,55,57,59,55,56,53,45,45,43,55,72,44,39,77,74,43,50,43,53,110,217,222,219,102,99,154,156,63,48,47,58,67,75,85,84,82,79,76,75,75,73,73,72,69,66,61,51,36,71,74,75,76,77,78,79,79,80,78,73,71,69,67,65,60,56,58,60,55,55,53,46,46,43,56,75,45,40,70,71,44,50,46,49,98,186,211,218,98,93,148,155,61,50,49,58,67,75,85,84,82,79,76,75,75,72,72,70,67,64,59,49,34,74,77,78,80,81,82,81,81,82,81,75,73,72,71,69,63,58,60,62,59,59,55,45,47,43,42,48,40,37,41,42,41,43,45,40,24,12,41,70,49,36,58,78,50,48,47,58,67,75,86,85,84,81,76,75,76,73,74,73,70,67,63,54,39
60,61,65,70,73,74,73,72,73,73,73,74,72,71,68,65,62,59,58,59,59,57,57,52,44,43,44,43,44,43,43,44,43,42,43,53,115,80,76,51,57,57,59,58,53,55,58,75,82,81,82,80,77,76,76,76,73,72,73,68,64,59,58,44,65,65,67,71,74,75,75,76,76,77,76,77,76,75,71,67,63,60,59,58,58,57,58,53,44,43,45,44,44,43,44,46,44,44,45,51,105,75,75,53,57,57,60,59,54,56,59,75,82,81,82,80,77,76,76,76,73,71,71,66,63,57,57,44,68,68,71,76,79,79,79,79,80,80,80,81,79,78,74,70,65,62,61,63,62,60,59,53,44,45,45,45,43,43,45,46,42,44,46,40,33,37,47,47,57,54,53,57,54,57,58,75,83,82,83,82,79,76,77,78,75,74,74,69,66,62,59,46
59,59,61,63,63,67,70,72,73,71,70,71,70,72,74,74,71,68,66,62,61,60,60,60,52,44,44,43,43,45,43,44,43,44,44,43,44,44,47,50,66,63,58,73,71,75,73,78,80,81,82,79,78,76,77,74,72,73,70,68,62,58,57,54,63,63,65,66,66,68,72,75,76,75,72,73,74,76,76,75,72,69,67,63,62,61,61,61,53,45,45,44,45,46,44,45,45,46,45,43,44,44,48,52,66,62,58,74,71,75,73,78,80,81,82,79,78,76,77,74,72,72,70,68,60,56,55,52,66,66,68,71,71,72,76,79,80,77,75,76,76,79,78,77,74,72,70,67,66,65,64,63,54,47,47,45,46,47,45,45,43,45,46,44,44,45,48,51,66,63,58,74,72,77,75,80,82,82,84,81,80,77,78,76,75,75,72,70,63,59,58,55
45,49,53,57,59,62,63,65,67,69,71,71,69,71,71,71,71,71,70,67,67,68,67,64,59,56,57,52,45,49,52,53,49,54,50,46,52,54,45,64,79,72,66,77,83,83,80,79,81,79,78,77,79,76,74,68,70,69,69,68,67,61,57,55,46,50,55,60,63,63,65,67,70,72,72,72,71,73,72,71,72,72,71,68,68,69,68,65,60,58,58,53,45,49,51,54,51,55,52,46,52,54,47,64,79,72,66,77,83,83,80,79,81,79,78,77,79,76,74,68,69,69,69,68,65,59,55,53,50,54,59,64,66,66,68,71,73,76,75,75,75,75,75,75,76,76,75,72,72,73,70,67,62,60,61,53,45,51,53,56,53,56,52,45,53,57,47,64,79,75,68,79,86,86,82,82,83,81,80,79,81,78,76,71,74,72,71,70,68,62,58,56
